{
  "hash": "ef5b1f3a",
  "configHash": "ad38a6ae",
  "lockfileHash": "b717afdb",
  "browserHash": "a9174f30",
  "optimized": {
    "@angular/common": {
      "src": "../../../../../node_modules/@angular/common/fesm2022/common.mjs",
      "file": "@angular_common.js",
      "fileHash": "3ca8de30",
      "needsInterop": false
    },
    "@angular/core": {
      "src": "../../../../../node_modules/@angular/core/fesm2022/core.mjs",
      "file": "@angular_core.js",
      "fileHash": "6303e873",
      "needsInterop": false
    },
    "@angular/forms": {
      "src": "../../../../../node_modules/@angular/forms/fesm2022/forms.mjs",
      "file": "@angular_forms.js",
      "fileHash": "5c979b83",
      "needsInterop": false
    },
    "@angular/platform-browser": {
      "src": "../../../../../node_modules/@angular/platform-browser/fesm2022/platform-browser.mjs",
      "file": "@angular_platform-browser.js",
      "fileHash": "965b4229",
      "needsInterop": false
    },
    "@angular/router": {
      "src": "../../../../../node_modules/@angular/router/fesm2022/router.mjs",
      "file": "@angular_router.js",
      "fileHash": "bbdc3289",
      "needsInterop": false
    },
    "ngx-owl-carousel-o": {
      "src": "../../../../../node_modules/ngx-owl-carousel-o/fesm2022/ngx-owl-carousel-o.mjs",
      "file": "ngx-owl-carousel-o.js",
      "fileHash": "d501c46c",
      "needsInterop": false
    },
    "ngx-slick-carousel": {
      "src": "../../../../../node_modules/ngx-slick-carousel/fesm2022/ngx-slick-carousel.mjs",
      "file": "ngx-slick-carousel.js",
      "fileHash": "a1fe6828",
      "needsInterop": false
    }
  },
  "chunks": {
    "chunk-FDXI6GNE": {
      "file": "chunk-FDXI6GNE.js"
    },
    "chunk-6QI77OAD": {
      "file": "chunk-6QI77OAD.js"
    },
    "chunk-OA5UHSFE": {
      "file": "chunk-OA5UHSFE.js"
    },
    "chunk-O4IG2L66": {
      "file": "chunk-O4IG2L66.js"
    },
    "chunk-4RLOYORB": {
      "file": "chunk-4RLOYORB.js"
    }
  }
}